epoch,time,train/box_loss,train/cls_loss,train/dfl_loss,metrics/precision(B),metrics/recall(B),metrics/mAP50(B),metrics/mAP50-95(B),val/box_loss,val/cls_loss,val/dfl_loss,lr/pg0,lr/pg1,lr/pg2
1,261.743,0,134.724,0,0,0,0,0,0,0,0,0.000653333,0.000653333,0.000653333
2,439.866,0,90.8687,0,0,0,0,0,0,0,0,0.00130693,0.00130693,0.00130693
3,742.587,0,65.2958,0,0,0,0,0,0,0,0,0.00194733,0.00194733,0.00194733
4,1003.03,0,49.056,0,0,0,0,0,0,0,0,0.0019406,0.0019406,0.0019406
5,1873.84,0,35.5226,0,0,0,0,0,0,0,0,0.0019208,0.0019208,0.0019208
6,2070.91,0,24.4487,0,0,0,0,0,0,0,0,0.001901,0.001901,0.001901
7,2660.67,0,16.7128,0,0,0,0,0,0,0,0,0.0018812,0.0018812,0.0018812
